st_id,Student_first_name,Student_mid_name,student_sur_name,Kuandika
SM/S304/2024/01,Zaina,JUMA,KASIMU,23
SM/S304/2024/02,JUMA,Suma,Abuu,40
SM/S304/2024/03,Joyce,Haule,Mpina,33
SM/S304/2024/04,Hanifa,Zebedayo,Kaisi,23
SM/S304/2024/05,Lukuba,Charles,Mkisi,19
SM/S304/2024/06,Laurent,Magenda,Lwambata,39
SM/S304/2024/07,Hussein,Abdallah,Kamgisha,48
SM/S304/2024/08,Najma,Haji,Selemani,45
SM/S304/2024/09,Shayo,Buzema,Khalid,50
SM/S304/2024/10,Philipo,Nyangisye,Omary,43
SM/S304/2024/11,Kapalatu,Joshua,Hamisi,32
