st_id,Student_first_name,Student_mid_name,student_sur_name,Utamaduni_s_michezo
SM/S304/2024/01,Zaina,JUMA,KASIMU,45
SM/S304/2024/02,JUMA,Suma,Abuu,38
SM/S304/2024/03,Joyce,Haule,Mpina,49
SM/S304/2024/04,Hanifa,Zebedayo,Kaisi,23
SM/S304/2024/05,Lukuba,Charles,Mkisi,32
SM/S304/2024/06,Laurent,Magenda,Lwambata,45
SM/S304/2024/07,Hussein,Abdallah,Kamgisha,47
SM/S304/2024/08,Najma,Haji,Selemani,42
SM/S304/2024/09,Shayo,Buzema,Khalid,15
SM/S304/2024/10,Philipo,Nyangisye,Omary,27
SM/S304/2024/11,Kapalatu,Joshua,Hamisi,42
