st_id,Student_first_name,Student_mid_name,student_sur_name,English_l_skills
SM/S304/2023/01,Rehema,JUMA,Kulwa,22
SM/S304/2023/02,Sadick,Suma,Abuu,22
SM/S304/2023/03,Zena,Haule,Mpina,34
SM/S304/2023/04,Hashimu,Zebedayo,Kaisi,45
SM/S304/2023/05,Lukuba,Charles,Mkisi,50
SM/S304/2023/06,Fabian,Magenda,Lwambata,44
SM/S304/2023/07,John,Selemani,Kamgisha,30
SM/S304/2023/08,Salumu,Haji,Shuabu,12
SM/S304/2023/09,Majid,Buzema,Khalid,45
SM/S304/2023/10,Jesca,Karimu,Omary,43
SM/S304/2023/11,Furaha,Joshua,Muhsin,10
