st_id,Student_first_name,Student_mid_name,student_sur_name,Kuhesabu
SM/S304/2023/01,Rehema,JUMA,Kulwa,10
SM/S304/2023/02,Sadick,Suma,Abuu,22
SM/S304/2023/03,Zena,Haule,Mpina,15
SM/S304/2023/04,Hashimu,Zebedayo,Kaisi,20
SM/S304/2023/05,Lukuba,Charles,Mkisi,42
SM/S304/2023/06,Fabian,Magenda,Lwambata,43
SM/S304/2023/07,John,Selemani,Kamgisha,46
SM/S304/2023/08,Salumu,Haji,Shuabu,11
SM/S304/2023/09,Majid,Buzema,Khalid,22
SM/S304/2023/10,Jesca,Karimu,Omary,15
SM/S304/2023/11,Furaha,Joshua,Muhsin,39
