st_id,Student_first_name,Student_mid_name,student_sur_name,Kusoma
SM/S304/2023/01,Rehema,JUMA,Kulwa,20
SM/S304/2023/02,Sadick,Suma,Abuu,44
SM/S304/2023/03,Zena,Haule,Mpina,18
SM/S304/2023/04,Hashimu,Zebedayo,Kaisi,20
SM/S304/2023/05,Lukuba,Charles,Mkisi,40
SM/S304/2023/06,Fabian,Magenda,Lwambata,40
SM/S304/2023/07,John,Selemani,Kamgisha,47
SM/S304/2023/08,Salumu,Haji,Shuabu,43
SM/S304/2023/09,Majid,Buzema,Khalid,20
SM/S304/2023/10,Jesca,Karimu,Omary,29
SM/S304/2023/11,Furaha,Joshua,Muhsin,35
