st_id,Student_first_name,Student_mid_name,student_sur_name,Historia_Tanzania
SM/S304/2020/01,Maria,Rashid,Kasimu,46
SM/S304/2020/02,Nadia,Kulwa,Abuu,40
SM/S304/2020/03,Mapimo,Patrick,A,45
SM/S304/2020/04,Clara,Zebedayo,Kaisi,23
SM/S304/2020/05,Juma,Selemani,Mkisi,50
SM/S304/2020/06,Muhsin,Mmmari,Dulla,47
SM/S304/2020/07,Daniel,Hashimu,Mkisi,43
SM/S304/2020/08,Rehema,nkunda,Karimu,17
SM/S304/2020/09,Shanina,Othman,Farid,45
SM/S304/2020/10,Fahamu,Rajabu,Shayo,33
SM/S304/2020/11,Rwehumbiza,Kuboza,Mwita,44
