st_id,Student_first_name,Student_mid_name,student_sur_name,English
SM/S304/2022/01,Suzan,Nazizi,Kasimu,22
SM/S304/2022/02,Mrisho,Felician,Abuu,33
SM/S304/2022/03,Mapimo,Patrick,A,50
SM/S304/2022/04,Zaina,Zebedayo,Kaisi,23
SM/S304/2022/05,seif,nkunda,Mkisi,56
SM/S304/2022/06,Hamisi,Mmmari,Dulla,39
SM/S304/2022/07,Daniel,Hashimu,Mkisi,48
SM/S304/2022/08,Rehema,nkunda,Karimu,45
SM/S304/2022/09,Bertha,Ommy,Farid,50
SM/S304/2022/10,Selemani,Rajabu,Mkisi,45
SM/S304/2022/11,Chacha,Kuboza,Mwita,12
