st_id,Student_first_name,Student_mid_name,student_sur_name,Kiswahili
SM/S304/2022/01,Suzan,Nazizi,Kasimu,33
SM/S304/2022/02,Mrisho,Felician,Abuu,22
SM/S304/2022/03,Mapimo,Patrick,A,15
SM/S304/2022/04,Zaina,Zebedayo,Kaisi,40
SM/S304/2022/05,seif,nkunda,Mkisi,42
SM/S304/2022/06,Hamisi,Mmmari,Dulla,43
SM/S304/2022/07,Daniel,Hashimu,Mkisi,46
SM/S304/2022/08,Rehema,nkunda,Karimu,33
SM/S304/2022/09,Bertha,Ommy,Farid,22
SM/S304/2022/10,Selemani,Rajabu,Mkisi,15
SM/S304/2022/11,Chacha,Kuboza,Mwita,39
