st_id,Student_First_Name,Student_Mid_Name,Student_Sur_Name,Father_Email,Student_DOB,Student_Gender,Student_class,Fathers_First_Name,Fathers_Mid_Name,Fathers_Phone,Fathers_Address,Mothers_First_Name,Mothers_Mid_Name,Mothers_Phone,Mothers_Email
SM/S304/2021/01,Ayubu,Mussa,Lwelwe,,4/5/2022,Female,Standard_04,Mussa,Lwelwe,,Chalinze,Mariamu,Makweta,,
SM/S304/2021/02,Mbata,Mjwahuzi,Philipo,,4/5/2088,Female,Standard_04,Mjwahuzi,Philipo,,Tabata,Halima,Omary,,
SM/S304/2021/03,Mapimo,Patrick,Adriano,,4/26/2021,Male,Standard_04,Patrick,Adriano,,Samora,Jonita,Hamisi,,
SM/S304/2021/04,Zaina,Zebedayo,Songwe,,5/2/2021,Female,Standard_04,Zebedayo,Songwe,,A,Hanifa,A,,
SM/S304/2021/05,Lukuba,Ngosha,Michael,,5/16/2002,Male,Standard_04,Ngosha,Michael,,Miyomboni,Shadia,Mazengo,,
SM/S304/2021/06,Patrick,Ngolo,Dalali,,6/12/2003,Male,Standard_04,Ngolo,Dalali,,Miyomboni,Sauda,Kiwelo,,
SM/S304/2021/07,Daniel,Buzema,Mkisi,,5/16/1989,Male,Standard_04,Buzema,Mkisi,,Miyomboni,Clara,Kalinga,,
SM/S304/2021/08,Rehema,nkunda,Karimu,,1/20/1988,Male,Standard_04,nkunda,Karimu,,Miyomboni,Happy,Shayo,,
SM/S304/2021/09,Bertha,Fabian,Chacha,,7/25/2000,Male,Standard_04,Fabian,Chacha,,Miyomboni,Suzan,Malima,,
SM/S304/2021/10,Selemani,Rajabu,Mkisi,,5/16/2011,Male,Standard_04,Rajabu,Mkisi,,Miyomboni,Rebeca,Mhina,,
SM/S304/2021/11,Fabiola,Kuboza,Mwita,,5/30/2006,Male,Standard_04,Kuboza,Mwita,,Miyomboni,Mary,Katete,,
