st_id,Student_first_name,Student_mid_name,student_sur_name,Geography_mazingira
SM/S304/2021/01,Ayubu,Mussa,Lwelwe,22
SM/S304/2021/02,Mbata,Mjwahuzi,Philipo,33
SM/S304/2021/03,Mapimo,Patrick,Adriano,40
SM/S304/2021/04,Zaina,Zebedayo,Songwe,20
SM/S304/2021/05,Lukuba,Ngosha,Michael,17
SM/S304/2021/06,Patrick,Ngolo,Dalali,40
SM/S304/2021/07,Daniel,Buzema,Mkisi,34
SM/S304/2021/08,Rehema,nkunda,Karimu,50
SM/S304/2021/09,Bertha,Fabian,Chacha,34
SM/S304/2021/10,Selemani,Rajabu,Mkisi,40
SM/S304/2021/11,Fabiola,Kuboza,Mwita,47
