st_id,Student_first_name,Student_mid_name,student_sur_name,Sanaa_utamaduni
SM/S304/2021/01,Ayubu,Mussa,Lwelwe,50
SM/S304/2021/02,Mbata,Mjwahuzi,Philipo,38
SM/S304/2021/03,Mapimo,Patrick,Adriano,49
SM/S304/2021/04,Zaina,Zebedayo,Songwe,40
SM/S304/2021/05,Lukuba,Ngosha,Michael,50
SM/S304/2021/06,Patrick,Ngolo,Dalali,45
SM/S304/2021/07,Daniel,Buzema,Mkisi,47
SM/S304/2021/08,Rehema,nkunda,Karimu,42
SM/S304/2021/09,Bertha,Fabian,Chacha,30
SM/S304/2021/10,Selemani,Rajabu,Mkisi,27
SM/S304/2021/11,Fabiola,Kuboza,Mwita,42
