st_id,Student_First_Name,Student_Mid_Name,Student_Sur_Name,p_hygiene,care_properties,care_others,discipline,sports_games
SM/S304/2024/01,Zaina,JUMA,KASIMU,A,A,A,B,B
SM/S304/2024/02,JUMA,Suma,Abuu,B,B,B,A,C
SM/S304/2024/03,Joyce,Haule,Mpina,C,C,C,C,E
SM/S304/2024/04,Hanifa,Zebedayo,Kaisi,D,A,A,D,B
SM/S304/2024/05,Lukuba,Charles,Mkisi,A,C,B,C,B
SM/S304/2024/06,Laurent,Magenda,Lwambata,B,E,C,B,A
SM/S304/2024/07,Hussein,Abdallah,Kamgisha,B,A,B,D,A
SM/S304/2024/08,Najma,Haji,Selemani,C,B,A,C,B
SM/S304/2024/09,Shayo,Buzema,Khalid,B,B,A,A,C
SM/S304/2024/10,Philipo,Nyangisye,Omary,A,B,B,B,E
SM/S304/2024/11,Kapalatu,Joshua,Hamisi,B,A,A,E,C
