st_id,Student_first_name,Student_mid_name,student_sur_name,Science
SM/S304/2019/01,Veronica,Kaisi,Mrisho,27
SM/S304/2019/02,Latifa,Felician,Rajabu,49
SM/S304/2019/03,Fabian,Patrick,Adriano,13
SM/S304/2019/04,Prisca,Lwambata,Feleshi,16
SM/S304/2019/05,Mzalendo,Nkunda,Mkisi,28
SM/S304/2019/06,Hamisi,John,Balobanza,32
SM/S304/2019/07,Zephania,Yeyo,Chacha,33
SM/S304/2019/08,Rehema,nkunda,Karimu,34
SM/S304/2019/09,Nadia,Kasimu,Farid,43
SM/S304/2019/10,Selemani,Rajabu,Mkisi,47
SM/S304/2019/11,Helena,Kuboza,Kaheshi,34
